<application>
  <component name="GeneralSettings">
    <option name="confirmExit" value="false" />
  </component>
  <component name="Registry">
    <entry key="documentation.show.toolbar" value="true" />
  </component>
  <component name="StatusBar">
    <option name="widgets">
      <map>
        <entry key="InspectionProfile" value="false" />
        <entry key="ReadOnlyAttribute" value="false" />
        <entry key="git" value="false" />
      </map>
    </option>
  </component>
</application>